SpeedTheo,Speed,Torque,pLow,pHigh,Deltap,QOut,QDr,PowerIn,PowerOut,Displacement,Etat,Etav,Etam
500,500,22,0.1013,5.01,4.9087,10.8,1.83,1.15191730631626,0.883566,23.3180662876889,76.7039435170547,92.6320378950292,82.8049833082326
500,500,33.6,0.1009,8.12,8.0191,10.44,2.22,1.75929188601028,1.3953234,23.3180662876889,79.3116486863535,89.5443032985283,88.5725230581554
500,500,44.9,0.1007,11.1,10.9993,10.08,2.56,2.35095850243636,1.8478824,23.3180662876889,78.601234266151,86.4565687020273,90.9141265333468
500,500,56.3,0.1004,14.1,13.9996,9.48,3.05,2.94786110661842,2.2119368,23.3180662876889,75.0353127233113,81.3103443745257,92.2826158227657
500,500,67.8,0.0999,17.08,16.9801,8.97,3.57,3.54999969855647,2.53852495,23.3180662876889,71.5077511424082,76.9360536961493,92.9443969466129
500,500,79.2,0.0996,20.1,20.0004,8.52,3.99,4.14690230273853,2.8400568,23.3180662876889,68.4862239972349,73.0763854505231,93.7186802207179
500,500,90.7,0.0993,23.05,22.9507,8.13,4.36,4.74904089467657,3.10981985,23.3180662876889,65.4831137269411,69.731339637647,93.9077236536951
500,500,102.1,0.099,25.98,25.881,7.72,4.78,5.34594349885863,3.330022,23.3180662876889,62.2906321533508,66.2147530138542,94.0736457029713
500,501,115.9,0.0987,29.5,29.4013,7.18,5.32,6.08064682880265,3.51835556666667,23.3180662876889,57.8615345657144,61.4602306577872,94.1446752582
500,500,126.9,0.0983,32.27,32.1717,6.7,5.78,6.64446846234241,3.5925065,23.3180662876889,54.067628138512,57.4661716571015,94.0860102202936
500,500,136.2,0.0978,34.66,34.5622,6.1,6.26,7.13141532364883,3.51382366666667,23.3180662876889,49.2724586522721,52.3199473295998,94.1752833615648
500,501,150.6,0.0977,38.39,38.2923,5.8,6.96,7.9011683556314,3.701589,23.3180662876889,46.8486283723061,49.6475400856777,94.3624362686621
500,500,30.6,0.1009,5,4.8991,16.22,1.91,1.60221225333079,1.32439003333333,33.8949195913064,82.6600864261333,95.7075585106872,86.3673545876766
500,500,48,0.1005,8.14,8.0395,15.8,2.33,2.51327412287183,2.11706833333333,33.8949195913064,84.2354725283301,93.2293110030122,90.3529926608687
500,500,64.3,0.1001,11.07,10.9699,15.35,2.72,3.36674012709706,2.80646608333333,33.8949195913064,83.3585598349458,90.5740458162176,92.0336053046447
500,500,81.1,0.0997,14.09,13.9903,14.88,3.12,4.2463860701022,3.4695944,33.8949195913064,81.7069937288225,87.8007688433432,93.0595424222385
500,500,98,0.0993,17.13,17.0307,14.49,3.5,5.13126800086333,4.11291405,33.8949195913064,80.1539512126049,85.4995390147878,93.7478168142423
500,500,115.1,0.099,20.13,20.031,14.02,4.01,6.02662190713642,4.680577,33.8949195913064,77.6650181830305,82.7262620419134,93.881938173009
500,500,131.6,0.0986,23.08,22.9814,13.54,4.46,6.89055988687361,5.18613593333333,33.8949195913064,75.2643619455775,79.8939791759991,94.2052989747538
500,500,149.1,0.0982,26.2,26.1018,13.08,4.93,7.80685774417064,5.6901924,33.8949195913064,72.8871024228519,77.1797080961645,94.4381680376867
500,500,165.9,0.098,29.15,29.052,12.58,5.29,8.68650368717578,6.091236,33.8949195913064,70.1229887117038,74.2294134441705,94.4679278173803
500,501,183.6,0.0978,32.18,32.0822,12.07,5.77,9.63250006702474,6.45386923333333,33.8949195913064,67.0009778191135,71.0779569851662,94.2640737874562
500,501,200.5,0.0975,35.15,35.0525,11.53,6.25,10.5191517616474,6.73592208333333,33.8949195913064,64.0348407928895,67.8979986776277,94.3103508792946
500,501,217.4,0.0971,38.16,38.0629,10.96,6.81,11.40580345627,6.95282306666667,33.8949195913064,60.9586434951633,64.5413760196704,94.448936875137
500,500,40.2,0.1015,5.01,4.9085,22.17,1.69,2.10486707790516,1.81369075,45.5258282740179,86.1665218216558,97.3952626037236,88.4709579481759
500,500,63.2,0.101,8.13,8.029,21.67,2.12,3.30914426178125,2.89980716666667,45.5258282740179,87.6301223901843,95.1987072901529,92.0496978211052
500,500,85.5,0.1007,11.13,11.0293,21.24,2.55,4.47676953136545,3.9043722,45.5258282740179,87.2140540772742,93.3096697204821,93.4673269539288
500,500,107.7,0.1003,14.11,14.0097,20.81,2.88,5.63915881319368,4.85903095,45.5258282740179,86.1658823764911,91.4206321508114,94.2521183121423
500,500,130.5,0.1,17.17,17.07,20.47,3.19,6.8329640215578,5.823715,45.5258282740179,85.2297038536476,89.9269745375833,94.7765720929791
500,500,152.8,0.0998,20.12,20.0202,20.14,3.52,8.00058929114201,6.7201138,45.5258282740179,83.9952352939838,88.4772480306267,94.9342765101697
500,500,174.8,0.0994,23.04,22.9406,19.82,3.78,9.15250659745826,7.57804486666667,45.5258282740179,82.7974805150226,87.0714526299414,95.0914197640834
500,500,198.6,0.0993,26.19,26.0907,19.45,4.15,10.3986716833822,8.45773525,45.5258282740179,81.3347657039316,85.4460016978991,95.1884981014054
500,501,220.8,0.0991,29.11,29.0109,19.02,4.53,11.5841830871409,9.1964553,45.5258282740179,79.3880347955534,83.3901837607069,95.2006953520598
500,501,244,0.0989,32.11,32.0111,18.54,4.95,12.8013617448477,9.8914299,45.5258282740179,77.2685757746133,81.2856996279446,95.0580189729335
500,501,266.8,0.0985,35.14,35.0415,18.03,5.42,13.9975545636285,10.52997075,45.5258282740179,75.2272170266172,79.0496852368847,95.164473838431
500,501,290.1,0.0982,38.16,38.0618,17.5,5.97,15.2199796810669,11.1013583333333,45.5258282740179,72.9393768320404,76.7259840069596,95.0647655759283
500,500,49,0.0995,5,4.9005,27.6,1.82,2.56563400043166,2.25423,56.5201145610419,87.8624932325004,97.6643455674242,89.9637352014437
500,500,77.6,0.0992,8.09,7.9908,27.21,2.21,4.0631264986428,3.6238278,56.5201145610419,89.1881609201797,96.2843059017976,92.6300086860932
500,500,104.9,0.0987,11.11,11.0113,26.72,2.57,5.49255115602615,4.90369893333333,56.5201145610419,89.2790762258671,94.5504099116513,94.4248431173278
500,500,132.3,0.0985,14.11,14.0115,26.33,2.88,6.92721180116549,6.14871325,56.5201145610419,88.7617330967921,93.1703702460246,95.2681983149889
500,500,160.1,0.0982,17.12,17.0218,25.95,3.22,8.38281639732877,7.3619285,56.5201145610419,87.8216598224187,91.8257162128499,95.6395043179952
500,501,187.9,0.098,20.13,20.032,25.61,3.55,9.85809783547902,8.55032533333333,56.5201145610419,86.7340279639034,90.4417212669492,95.9004613677109
500,501,214.8,0.0977,23.07,22.9723,25.22,3.85,11.2693955032512,9.65602343333333,56.5201145610419,85.683597053166,89.0644361715134,96.2040526346151
500,501,243.5,0.0973,26.14,26.0427,24.76,4.23,12.7751294461902,10.7469542,56.5201145610419,84.1240336958382,87.4399460589482,96.207783155682
500,500,270.6,0.097,29.08,28.983,24.25,4.62,14.16858286769,11.7139625,56.5201145610419,82.6756113112238,85.8101586960158,96.3471138704029
500,501,298.9,0.0968,32.11,32.0132,23.75,5.02,15.6816681374384,12.6718916666667,56.5201145610419,80.8070388660616,83.873130811794,96.3443692681361
500,500,327.2,0.0964,35.15,35.0536,23.22,5.51,17.1321519375763,13.5657432,56.5201145610419,79.1829494008044,82.1654385534634,96.37014150333
500,500,354.9,0.0961,38.13,38.0339,22.62,5.96,18.5825205459836,14.3387803,56.5201145610419,77.1627307744274,80.0423006063455,96.4024399472473
1000,1000,14.5,0.1015,5.02,4.9185,10.85,1.97,1.51843644923507,0.88942875,11.8054435324871,58.5753029340189,91.9067544573158,63.7334037959343
1000,1000,21,0.1012,8.11,8.0088,10.47,2.44,2.19911485751286,1.3975356,11.8054435324871,63.5499139676851,88.6879003841564,71.6556753428768
1000,1000,26.4,0.1005,11.11,11.0095,9.78,2.97,2.76460153515902,1.7945485,11.8054435324871,64.9116509984423,82.8431390407879,78.3548906403498
1000,1000,32.7,0.1003,14.09,13.9897,9.28,3.41,3.42433599241288,2.16374026666667,11.8054435324871,63.1871484416469,78.6078047339991,80.3827923390888
1000,1000,38.6,0.1,17.13,17.03,8.71,3.91,4.04218254761887,2.47218833333333,11.8054435324871,61.1597399229193,73.77952362426,82.895276248177
1000,1000,44.7,0.0995,20.17,20.0705,8.18,4.37,4.68097305384879,2.73627816666667,11.8054435324871,58.4553283086482,69.2900692590639,84.3632124108486
1000,1000,50.4,0.0991,23.01,22.9109,7.6,4.87,5.27787565803085,2.90204733333333,11.8054435324871,54.9851402603159,64.3770814631889,85.4110484827688
1000,1000,57,0.0986,26.17,26.0714,6.95,5.48,5.96902604182061,3.01993716666667,11.8054435324871,50.5934660949403,58.8711468643636,85.9393247621035
1000,1000,64,0.0982,29.5,29.4018,6.17,6.13,6.70206432765823,3.0234851,11.8054435324871,45.1127436590338,52.2640253457731,86.3170093780048
1000,1001,68.8,0.0978,31.97,31.8722,5.62,6.78,7.21192387138482,2.98536273333333,11.8054435324871,41.3948176183408,47.5576000082972,87.0414352513979
1000,1000,76.4,0.0968,35.68,35.5832,4.38,7.43,8.00058929114201,2.5975736,11.8054435324871,32.4672784150531,37.1015285274694,87.5092744252163
1000,1000,80.6,0.0965,37.73,37.6335,3.89,8.1,8.44041226264458,2.43990525,11.8054435324871,28.90741795633,32.9509009068165,87.7287635870073
1000,1000,51,0.096,5.01,4.914,55.93,1.85,5.34070751110265,4.580667,56.7694054954442,85.7689171421086,98.5213769844541,87.0561494036388
1000,1000,79,0.0956,8.09,7.9944,55.15,2.35,8.27286065445312,7.348186,56.7694054954442,88.8227942778731,97.1473974734962,91.4309560398731
1000,1000,106.3,0.0956,11.09,10.9944,54.64,2.84,11.1317099692198,10.0122336,56.7694054954442,89.94335666025,96.249026254793,93.4485886871723
1000,1000,133.9,0.0955,14.1,14.0045,54.07,3.17,14.0219752105224,12.6203885833333,56.7694054954442,90.0043566890824,95.2449643044776,94.4977588540617
1000,1000,161.4,0.0954,17.06,16.9646,53.54,3.52,16.9017684763131,15.1380780666667,56.7694054954442,89.5650540230856,94.3113628419036,94.9674051187507
1000,1000,188.9,0.095,20.08,19.985,52.99,3.95,19.7815617421037,17.6500858333333,56.7694054954442,89.2249361473129,93.342531135459,95.5887258058487
1000,1000,216.3,0.0946,23.11,23.0154,52.41,4.34,22.6508830323824,20.1039519,56.7694054954442,88.7557093083689,92.3208540632083,96.1383104705699
1000,1000,243.2,0.0942,26.01,25.9158,51.79,4.7,25.4678444451013,22.3696547,56.7694054954442,87.8348960714765,91.2287165032161,96.2798770367224
1000,1000,271.1,0.0937,29.06,28.9663,50.99,5.28,28.3895256129398,24.6165272833333,56.7694054954442,86.7098930040355,89.8195067483875,96.537930504269
1000,1000,298.3,0.0933,32.04,31.9467,50.3,5.78,31.2379029521945,26.7819835,56.7694054954442,85.7355359000452,88.6040633348478,96.7625328604151
1000,1001,326.1,0.0927,35.07,34.9773,49.58,6.34,34.1832612566656,28.9029089,56.7694054954442,84.5528128020964,87.2485260294726,96.9103051363119
1000,1001,353,0.0922,38.09,37.9978,48.77,6.96,37.0030396307971,30.8858784333333,56.7694054954442,83.4684899983931,85.823126552186,97.2564078606934
1500,1500,15.6,0.1012,5.01,4.9088,16.77,2.19,2.45044226980004,1.3720096,11.9580659420696,55.9902845665472,93.4933797334874,59.8868975815756
1500,1500,22,0.1008,8.08,7.9792,16.03,2.68,3.45575191894877,2.13177626666667,11.9580659420696,61.6877691647248,89.3678519456055,69.0268008257283
1500,1500,27.8,0.1002,11.09,10.9898,15.28,3.3,4.36681378848981,2.79873573333333,11.9580659420696,64.0910253766792,85.1865737822116,75.2360642423942
1500,1500,34.1,0.0995,14.13,14.0305,14.61,3.85,5.3564154743706,3.41642675,11.9580659420696,63.7819595277277,81.451298622913,78.3068663189923
1500,1500,39.7,0.0992,17.09,16.9908,13.86,4.37,6.23606141737574,3.9248748,11.9580659420696,62.9383602455228,77.2700204595191,81.452495898452
1500,1500,45.6,0.0987,20.13,20.0313,13.15,4.95,7.16283125018473,4.39019325,11.9580659420696,61.2913120058047,73.3117437981729,83.6036749781038
1500,1500,51.7,0.0984,23.14,23.0416,12.41,5.56,8.12101700952961,4.76577093333333,11.9580659420696,58.6844101882921,69.1862160102909,84.8209565031903
1500,1500,57.8,0.0979,26.11,26.0121,11.62,6.19,9.0792027688745,5.0376767,11.9580659420696,55.4858926300254,64.7819363448494,85.6502533895576
1500,1500,64.1,0.0973,29.04,28.9427,10.78,6.86,10.0688044547553,5.20003843333333,11.9580659420696,51.645043427946,60.0989048018482,85.9334185842898
1500,1500,70.1,0.0969,32.1,32.0031,9.87,7.6,11.0112822508322,5.26450995,11.9580659420696,47.8101444507257,55.0256206302636,86.8870607966037
1500,1500,75.7,0.0963,35.04,34.9437,8.88,8.34,11.8909281938374,5.1716676,11.9580659420696,43.4925475597463,49.5063334545837,87.8524918425754
1500,1500,82.7,0.0957,38.18,38.0843,7.95,9.19,12.9904856225938,5.04616975,11.9580659420696,38.8451201641255,44.3215485319753,87.6438695189116
1500,1501,24.9,0.0995,5.02,4.9205,33.68,2.08,3.91389037562177,2.76204066666667,23.2597216548497,70.5702102406964,96.4688002290725,73.1534030413171
1500,1500,36.4,0.0989,8.11,8.0111,32.93,2.66,5.71769862953342,4.39675871666667,23.2597216548497,76.897349817569,94.3834739688555,81.4733200464135
1500,1500,47.8,0.0984,11.14,11.0416,32.26,3.13,7.50840644207961,5.93670026666667,23.2597216548497,79.0673801753116,92.4631299798141,85.5123336107842
1500,1500,59.1,0.098,14.09,13.992,31.42,3.72,9.28340629135784,7.327144,23.2597216548497,78.9273222569288,90.0555345308666,87.6429446208843
1500,1500,70.6,0.0976,17.12,17.0224,30.72,4.34,11.089822067172,8.7154688,23.2597216548497,78.5897983503224,88.0492049900771,89.2566813739876
1500,1500,82,0.0972,20.1,20.0028,29.99,4.9,12.8805298797182,9.9980662,23.2597216548497,77.6215442482928,85.9568898975395,90.3028766406248
1500,1500,93.5,0.0968,23.06,22.9632,29.32,5.42,14.6869456555323,11.2213504,23.2597216548497,76.4035672439023,84.0365459084981,90.9170723498003
1500,1500,105,0.0963,26.09,25.9937,28.47,6,16.4933614313464,12.33401065,23.2597216548497,74.7816671655459,81.600288608968,91.6438758248796
1500,1500,117.2,0.0958,29.18,29.0842,27.79,6.71,18.4097329500362,13.4708319666667,23.2597216548497,73.1723377151986,79.6512827693439,91.8658622574765
1500,1500,128.2,0.0953,32.11,32.0147,26.78,7.38,20.1376089095106,14.2892277666667,23.2597216548497,70.9579167560363,76.7564358604904,92.4455597247985
1500,1500,139.6,0.0949,35.09,34.9951,25.81,8.02,21.9283167220568,15.0537255166667,23.2597216548497,68.6497085365644,73.9762363539678,92.7996771937456
1500,1500,151.1,0.0944,38.15,38.0556,24.92,8.82,23.7347324978709,15.8057592,23.2597216548497,66.5933740833938,71.4253316521068,93.2349525624212
1500,1501,33.8,0.0972,5.03,4.9328,50.06,2.09,5.31283111228979,4.11559946666667,34.1273090531038,77.4652794278806,97.7255464685458,79.2681977509471
1500,1500,51,0.0968,8.13,8.0332,49.32,2.67,8.01106126665397,6.6032904,34.1273090531038,82.4271613985301,96.3451292008902,85.5540514421444
1500,1500,67.7,0.0966,11.11,11.0134,48.66,3.15,10.6342911324014,8.9318674,34.1273090531038,83.9911874594597,95.0558391507566,88.3598400791048
1500,1500,83.9,0.0963,14.04,13.9437,48.11,3.6,13.1789811818092,11.18052345,34.1273090531038,84.8360225707915,93.9814307756453,90.2689200096496
1500,1500,101,0.0961,17.14,17.0439,47.29,4.11,15.8650429006285,13.43343385,34.1273090531038,84.6731643534848,92.379585561843,91.6578742354292
1500,1500,117.8,0.0956,20.13,20.0344,46.51,4.71,18.5039807296439,15.5299990666667,34.1273090531038,83.9278817545847,90.8558791389579,92.3747395875425
1500,1500,134.4,0.0951,23.13,23.0349,45.7,5.33,21.1115026321234,17.5449155,34.1273090531038,83.1059532129349,89.2735686228849,93.0913309447686
1500,1500,151.1,0.0945,26.15,26.0555,44.82,5.91,23.7347324978709,19.4634585,34.1273090531038,82.0041199189667,87.5545152227068,93.6606406995437
1500,1500,167.8,0.0941,29.09,28.9959,43.98,6.5,26.3579623636184,21.2539947,34.1273090531038,80.6359551121322,85.9136006134459,93.8570314087293
1500,1501,218.3,0.0923,38.13,38.0377,41.29,8.64,34.3133441364752,26.1762772166667,34.1273090531038,76.2859985682398,80.6050302374402,94.6417343229352
1500,1501,42.9,0.0958,5,4.9042,67.54,1.91,6.74320871944474,5.52049446666667,45.787916275267,81.8674713530333,98.2719296875144,83.307076205134
1500,1500,67.1,0.0955,8.13,8.0345,66.85,2.48,10.5400433527938,8.95177208333333,45.787916275267,84.9310746047412,97.3328124362365,87.2584203403968
1500,1500,88.6,0.0954,11.11,11.0146,66.15,2.89,13.9172554554028,12.1435965,45.787916275267,87.2556844193426,96.3136206829775,90.5953735313828
1500,1500,110.6,0.0951,14.1,14.0049,65.41,3.39,17.3730073743516,15.26767515,45.787916275267,87.8815902221987,95.2361894009608,92.2775163254402
1500,1500,133,0.0947,17.12,17.0253,64.68,3.85,20.8915911463721,18.3532734,45.787916275267,87.8500506323909,94.1733180011335,93.2855000726782
1500,1500,155.8,0.0942,20.09,19.9958,64.03,4.36,24.4730067714645,21.3388512333333,45.787916275267,87.1934185799124,93.2269256588216,93.5281496882244
1500,1500,177.5,0.0938,23.01,22.9162,63.3,4.84,27.8816348006094,24.176591,45.787916275267,86.7115259664457,92.1640542589943,94.0838884135607
1500,1500,200.3,0.0934,26.11,26.0166,62.54,5.44,31.4630504257018,27.1179694,45.787916275267,86.189892693455,91.0575032125988,94.6543553826871
1500,1500,223.4,0.0927,29.17,29.0773,61.58,6.09,35.091589940598,29.8430022333333,45.787916275267,85.0431749711275,89.659754522415,94.851001348511
1500,1500,245.4,0.0921,32.09,31.9979,60.59,6.73,38.5473418595468,32.3125460166667,45.787916275267,83.8256140576501,88.218326185663,95.0206353736887
1500,1500,267.4,0.0915,35.08,34.9885,59.85,7.46,42.0030937784955,34.90102875,45.787916275267,83.0915668594593,87.1408949036463,95.3531254772349
1500,1500,290,0.091,38.09,37.999,58.91,8.11,45.553093477052,37.3086848333333,45.787916275267,81.9015394687259,85.7722659778413,95.4872050248557
1500,1501,52.1,0.0933,5,4.9067,84.22,1.95,8.18930476184314,6.88737123333333,57.0398227690496,84.1020261625141,98.3685743908906,85.4968435633874
1500,1500,81,0.0929,8.1,8.0071,83.4,2.46,12.7234502470387,11.129869,57.0398227690496,87.4752428303827,97.4757586907672,89.7405098511619
1500,1500,109.1,0.0926,11.09,10.9974,82.68,2.98,17.1373879253323,15.1544172,57.0398227690496,88.4289791771527,96.6342413495519,91.5089495630037
1500,1500,135.8,0.0922,14.11,14.0178,81.76,3.43,21.3314141178747,19.1015888,57.0398227690496,89.5467534146918,95.5589691913324,93.7083710430125
1500,1500,163.7,0.0919,17.15,17.0581,80.96,3.9,25.7139358696325,23.0170629333333,57.0398227690496,89.512018113555,94.6239499233154,94.5976343051593
1500,1500,191.2,0.0914,20.13,20.0386,80.08,4.39,30.0336257683184,26.7448514666667,57.0398227690496,89.0496927443207,93.5954287284968,95.1432072635059
1500,1501,218.6,0.0912,23.13,23.0388,79.44,4.9,34.3604994422056,30.5033712,57.0398227690496,88.7745280050621,92.7855562765655,95.6770984273158
1500,1500,245.7,0.0902,26.13,26.0398,78.33,5.42,38.5944657493506,33.9949589,57.0398227690496,88.082470478483,91.5500740797097,96.212342113227
1500,1501,273.1,0.0896,29.11,29.0204,77.45,6.06,42.9270466498918,37.4604996666667,57.0398227690496,87.2654948107432,90.4612453879657,96.4672710799893
1500,1500,300.1,0.0891,32.1,32.0109,76.6,6.71,47.1395977671149,40.867249,57.0398227690496,86.6940978196243,89.528094912623,96.8345164769064
1500,1501,328.3,0.0884,35.13,35.0416,75.53,7.28,51.6036229042822,44.1115341333333,57.0398227690496,85.4814674836964,88.2186941788645,96.8972260124161
1500,1501,355,0.0871,38.09,38.0029,74.63,8.04,55.8004451142863,47.2692737833333,57.0398227690496,84.7112844467816,87.1674982995982,97.1821907239158
2000,2000,54.5,0.0877,4.99,4.9023,112.43,2.22,11.4144533080429,9.18609315,57.0649549156721,80.4777320656018,98.5105483445521,81.6945326343344
2000,2001,82.9,0.0875,8.13,8.0425,111.51,2.7,17.371216666539,14.94698625,57.0649549156721,86.0445559854846,97.6556215879519,88.1101923128819
2000,2000,110.4,0.0871,11.13,11.0429,110.34,3.29,23.1221219304209,20.3078931,57.0649549156721,87.8288470284455,96.679301826362,90.8455536699964
2000,2000,137.6,0.0869,14.08,13.9931,109.27,3.85,28.8188766089304,25.4837672833333,57.0649549156721,88.4273444421371,95.7417737046091,92.3602530228454
2000,2001,164.6,0.0865,17.09,17.0035,108.36,4.43,34.4909802570847,30.708321,57.0649549156721,89.0329030114831,94.8969882097612,93.8205781775539
2000,2000,193.7,0.086,20.16,20.074,107.3,5.02,40.5684331333562,35.8990033333333,57.0649549156721,88.4899922442813,94.0156705271764,94.1225986562551
2000,2001,219.9,0.0855,23.1,23.0145,106.24,5.63,46.0787761757772,40.751008,57.0649549156721,88.4376960111673,93.0403841584074,95.0530211274668
2000,2001,246.5,0.0839,26.04,25.9561,105.24,7.02,51.6526526936293,45.5269994,57.0649549156721,88.1406801506154,92.1646275304104,95.6339568795336
2000,2000,274.6,0.0826,29.13,29.0474,104.01,7.59,57.5120895117172,50.3536679,57.0649549156721,87.5531880818576,91.132990601413,96.0718917529961
2000,2000,302.1,0.0838,32.11,32.0262,103.2,8.1,63.2716760432984,55.085064,57.0649549156721,87.0611740430329,90.423273051301,96.2818211564177
2000,2000,329.5,0.0845,35.11,35.0255,102.09,8.65,69.0103186238558,59.59588825,57.0649549156721,86.3579381147773,89.4506971492957,96.5424986801874
2000,2001,356.7,0.0833,38.09,38.0067,100.7,9.32,74.7444268390165,63.7879115,57.0649549156721,85.3413614869046,88.1886924393037,96.7713196855041
2500,2500,17.9,0.0985,5.02,4.9215,28.09,4.07,4.68620904160477,2.30408225,11.9648385896325,49.1672955590341,93.9084962645127,52.356599791082
2500,2500,24.1,0.098,8.13,8.032,27.21,4.64,6.3093652459595,3.642512,11.9648385896325,57.7318297166685,90.9665426613525,63.4649048184571
2500,2500,29.9,0.0975,11.1,11.0025,26.19,5.27,7.82780169519457,4.80259125,11.9648385896325,61.3530009702249,87.5565509849622,70.0724277967073
2500,2500,35.7,0.0972,14.06,13.9628,25.04,5.88,9.34623814442964,5.82714186666667,11.9648385896325,62.3474576253939,83.7119525262869,74.4785609985812
2500,2500,41.6,0.0966,17.09,16.9934,23.97,6.43,10.8908545324446,6.7888633,11.9648385896325,62.3354510867398,80.1348043951716,77.7882364064219
2500,2500,47.8,0.0962,20.1,20.0038,22.95,6.98,12.5140107367993,7.6514535,11.9648385896325,61.1430952148678,76.7248127187813,79.6914232152967
2500,2500,53.3,0.0958,23.06,22.9642,21.83,7.63,13.9539073696947,8.35514143333333,11.9648385896325,59.8767156178718,72.980508132941,82.0448050441094
2500,2500,59.4,0.0953,26.12,26.0247,20.61,8.38,15.5508836352695,8.93948445,11.9648385896325,57.4853793499246,68.9018906376507,83.43077209918
2500,2500,65.2,0.0948,29.09,28.9952,19.47,9.03,17.0693200845045,9.4089424,11.9648385896325,55.1219518611137,65.0907234699203,84.684804412393
2500,2500,71.1,0.0943,32.12,32.0257,18.3,9.82,18.6139364725195,9.7678385,11.9648385896325,52.4759419611249,61.179262429355,85.7740676781122
2500,2500,77.5,0.0936,35.11,35.0164,16.99,10.69,20.2894525544341,9.91547726666666,11.9648385896325,48.8701074613259,56.7997633155597,86.0392801107649
2500,2500,85.9,0.0928,38.19,38.0972,15.78,11.58,22.4885674119469,10.0195636,11.9648385896325,44.554032351021,52.7545771112143,84.4552923949984
2500,2500,27.1,0.0948,5.01,4.9152,56.25,4.08,7.09476340935695,4.608,23.2412877710047,64.9493116842025,96.8104703220039,67.0891397058323
2500,2500,38.4,0.0945,8.09,7.9955,55.29,4.64,10.0530964914873,7.36785325,23.2412877710047,73.2893915445741,95.158238295175,77.0184409228289
2500,2500,49.7,0.0943,11.11,11.0157,54.26,5.16,13.0114295736177,9.9618647,23.2412877710047,76.5624149416979,93.3855310163899,81.9853076899682
2500,2500,61.2,0.094,14.11,14.016,53.13,5.81,16.0221225333079,12.411168,23.2412877710047,77.4626955585864,91.4407162348101,84.7135704401859
2500,2500,72.7,0.0937,17.1,17.0063,52.01,6.46,19.0328154929982,14.7416277166667,23.2412877710047,77.4537415238952,89.5131122035097,86.5278165592127
2500,2500,84.1,0.0932,20.12,20.0268,50.9,7.03,22.0173285139085,16.989402,23.2412877710047,77.1637757472152,87.6027189224888,88.083768056891
2500,2500,95.5,0.0928,23.11,23.0172,49.9,7.58,25.0018415348188,19.142638,23.2412877710047,76.5649121219372,85.8816438945421,89.1516611116046
2500,2500,106.8,0.0922,26.13,26.0378,48.7,8.24,27.9601746169492,21.1340143333333,23.2412877710047,75.5861314275274,83.816353861006,90.1806484601716
2500,2500,118.2,0.0917,29.11,29.0183,47.57,8.92,30.9446876378595,23.0066755166667,23.2412877710047,74.3477387327672,81.8715390794262,90.8102370722994
2500,2500,129.5,0.0911,32.09,31.9989,46.36,9.62,33.9030207199898,24.7244834,23.2412877710047,72.9270810533469,79.7890382956107,91.3998747336184
2500,2500,140.8,0.0905,35.06,34.9695,45,10.43,36.8613538021202,26.227125,23.2412877710047,71.1507372756652,77.4483762576031,91.8685977857158
2500,2500,151.8,0.0899,38.03,37.9401,43.8,11.19,39.7411470679109,27.696273,23.2412877710047,69.6916798920569,75.383086224067,92.4500221242029
2500,2500,36.3,0.0909,5.02,4.9291,83.69,4.19,9.50331777710912,6.87527298333333,34.2145290771292,72.3460284564405,97.841475253205,73.9420866960718
2500,2500,53.4,0.0908,8.1,8.0092,82.77,4.7,13.9800873084746,11.0486914,34.2145290771292,79.0316337531197,96.7659087908684,81.6730135030548
2500,2500,69.9,0.0906,11.09,10.9994,81.71,5.16,18.2997772071605,14.9793495666667,34.2145290771292,81.8553657626246,95.5266691712198,85.6884956555001
2500,2500,86.7,0.0905,14.1,14.0095,80.72,5.65,22.6980069221863,18.8474473333333,34.2145290771292,83.0356929484889,94.3692661302271,87.9901861628359
2500,2500,103.4,0.0901,17.1,17.0099,79.71,6.17,27.0700566984321,22.59765215,34.2145290771292,83.4784071631032,93.1884812096185,89.5801778068757
2500,2500,120.1,0.0896,20.13,20.0404,78.32,6.84,31.4421064746778,26.1594021333333,34.2145290771292,83.198630964503,91.5634405763056,90.8644655998573
2500,2500,136.6,0.0892,23.13,23.0408,77.24,7.52,35.7617963733638,29.6611898666667,34.2145290771292,82.9409953487655,90.3008190770409,91.8496600545823
2500,2500,153.1,0.0886,26.1,26.0114,76.08,8.2,40.0814862720498,32.9824552,34.2145290771292,82.2885034156027,88.9446700593122,92.5165087022405
2500,2500,169.6,0.0879,29.11,29.0221,74.75,8.95,44.4011761707357,36.1566995833333,34.2145290771292,81.4318509138138,87.3897750648474,93.1823555483321
2500,2500,186,0.0874,32.09,32.0026,73.49,9.62,48.6946861306418,39.1978512333333,34.2145290771292,80.4971842885903,85.9167166490385,93.6921095546673
2500,2500,202.5,0.0869,35.13,35.0431,72.16,10.34,53.0143760293278,42.1451682666667,34.2145290771292,79.4976220098333,84.3618216545737,94.2341220834974
2500,2500,219.1,0.086,38.09,38.004,71.11,11.06,57.3602458667936,45.041074,34.2145290771292,78.5231536569732,83.1342729747331,94.4534075384754
2500,2499,46.7,0.0873,5.02,4.9327,112.55,3.81,12.2211409976562,9.25292308333333,45.7535151837062,75.712432129765,98.4361857777463,76.9152436490296
2500,2500,69.5,0.0871,8.07,7.9829,111.84,4.26,18.1950574520409,14.8801256,45.7535151837062,81.7811410555944,97.7760939686912,83.6412437193303
2500,2500,92.1,0.0867,11.13,11.0433,110.77,4.71,24.1117236163017,20.38777235,45.7535151837062,84.5554331761503,96.840646717739,87.3139906041764
2500,2500,114.1,0.0864,14.09,14.0036,109.84,5.22,29.871310147883,25.6359237333333,45.7535151837062,85.8212231282069,96.027594434201,89.3714183239406
2500,2500,136.3,0.0862,17.1,17.0138,108.8,5.63,35.6832565570241,30.8516906666667,45.7535151837062,86.4598516039693,95.1183746762661,90.8971078387683
2500,2500,158.6,0.0858,20.09,20.0042,107.62,6.23,41.5213829049451,35.8808667333333,45.7535151837062,86.415394245118,94.0867599509169,91.8464981578695
2500,2500,181.1,0.085,23.13,23.045,106.57,6.89,47.411869130426,40.9317608333333,45.7535151837062,86.3323078884184,93.1687976953096,92.6622539133235
2500,2500,201.8,0.0845,25.97,25.8855,105.23,7.55,52.8311164578684,45.39885275,45.7535151837062,85.932033607892,91.9973030072012,93.4071225991979
2500,2501,225.2,0.0834,29.12,29.0366,103.8,8.39,58.9808050212214,50.233318,45.7535151837062,85.1689256901902,90.7108415034393,93.890569504816
2500,2500,247.3,0.0818,32.1,32.0182,102.58,9.13,64.7429886027297,54.7404492666667,45.7535151837062,84.5503898538887,89.6805411240016,94.2795268563116
2500,2500,269.8,0.0823,35.15,35.0677,101.66,9.59,70.6334748282105,59.4163730333333,45.7535151837062,84.1192836368895,88.8762313381362,94.6476716782145
2500,2501,291.8,0.0843,38.09,38.0057,100.63,10.02,76.4236185843357,63.7418931833333,45.7535151837062,83.4060129107761,87.940577846735,94.8436034342851
2500,2499,56.2,0.0816,4.96,4.8784,140.13,3.76,14.7072403440745,11.3935032,56.9463639750471,77.4686680400272,98.4688500858099,78.6732738043733
2500,2500,84.8,0.0816,8.07,7.9884,139.3,4.17,22.2005880853679,18.546402,56.9463639750471,83.5401383453608,97.8464578079393,85.3788069766816
2500,2500,112.8,0.0812,11.13,11.0488,138.37,4.63,29.5309709437441,25.4803742666667,56.9463639750471,86.2835641781176,97.193211535424,88.7752990307043
2500,2500,139.9,0.0811,14.1,14.0189,137.07,5.12,36.625734353101,32.02617705,56.9463639750471,87.4417335670116,96.2800715845961,90.8201792207655
2500,2500,167.3,0.0808,17.11,17.0292,135.69,5.63,43.7990375787977,38.5115358,56.9463639750471,87.927812867383,95.310738406025,92.2538365958402
2500,2500,194.9,0.0804,20.13,20.0496,134.35,6.21,51.0247006820542,44.894396,56.9463639750471,87.9856136339663,94.3695018413255,93.2352210377318
2500,2500,221.8,0.0798,23.13,23.0502,133.36,6.83,58.0671042138513,51.2329112,56.9463639750471,88.2305255163368,93.6741106480028,94.1888051095343
2500,2500,249.1,0.0779,26.12,26.0421,131.96,7.41,65.2142275007681,57.2752586,56.9463639750471,87.8263237869764,92.6907291624959,94.7520044135248
2500,2500,276.3,0.0799,29.07,28.9901,131.09,7.82,72.335170848905,63.3385368166667,56.9463639750471,87.5625730517307,92.079627810788,95.0944037606893
2500,2501,304.2,0.0807,32.13,32.0493,129.66,8.46,79.6712295180086,69.2585373,56.9463639750471,86.9304235907957,91.0387583615327,95.4872684506285
2500,2501,331.4,0.0794,35.14,35.0606,128.08,9.27,86.7950212434848,74.8426941333334,56.9463639750471,86.2292480157108,89.9293858626031,95.8855074885695
2500,2501,358.1,0.0778,38.08,38.0022,126.4,10.05,93.7878609151838,80.057968,56.9463639750471,85.3606929711295,88.749799914374,96.1812793420218
3000,3000,57.9,0.075,4.84,4.765,168.28,4.31,18.1898214642849,13.3642366666667,56.8110073456758,73.4709611796185,98.7367342248032,74.41096949018
3000,3000,86.6,0.075,8.07,7.995,167.06,4.79,27.2061923800876,22.260745,56.8110073456758,81.8223465048082,98.020910503896,83.4743791749986
3000,3001,114.6,0.075,11.11,11.035,165.95,5.1,36.0146526940757,30.5209708333333,56.8110073456758,84.74598128876,97.3371825385086,87.0643458939576
3000,3000,141.7,0.0747,14.08,14.0053,164.7,5.63,44.5163679013674,38.4445485,56.8110073456758,86.3604788808908,96.636202322469,89.3665901653618
3000,3000,169.2,0.0741,17.1,17.0259,163.18,6.18,53.1557476987393,46.3047727,56.8110073456758,87.1115066660952,95.7443563751093,90.9834375248269
3000,3000,196.7,0.0721,20.13,20.0579,161.84,6.7,61.7951274961112,54.1028422666667,56.8110073456758,87.5519550794217,94.9581237636211,92.2005949668556
3000,3000,223.8,0.0735,23.11,23.0365,160.92,7.03,70.3088435873396,61.783893,56.8110073456758,87.8749953030451,94.4183222691665,93.0698546544095
3000,3000,250.8,0.075,26.12,26.045,159.17,7.84,78.791143752032,69.0930441666667,56.8110073456758,87.6913836713847,93.391525948193,93.8965101823367
3000,3000,277.7,0.0735,29.06,28.9865,157.34,8.68,87.2420279901885,76.0122651666667,56.8110073456758,87.1280355555412,92.3177903668323,94.3783806017571
3000,3000,304.6,0.0707,32.07,31.9993,155.72,9.48,95.6929122283451,83.0488499333333,56.8110073456758,86.7868350951216,91.3672703439883,94.9867876848878
3000,3000,333.2,0.0706,35.12,35.0494,154.53,9.88,104.677867217612,90.2697297,56.8110073456758,86.2357364545275,90.6690488457264,95.1104456839045
3000,3000,361.2,0.0743,38.09,38.0157,152.61,10.67,113.474326647663,96.69293295,56.8110073456758,85.2112859415598,89.5425065964299,95.1629445952513
3500,3498,20.5,0.0961,4.99,4.8939,39,5.25,7.50934891987568,3.181035,11.7395983528634,42.3609960589321,94.9711207763831,44.604081443531
3500,3500,26.6,0.0958,8.14,8.0442,37.9,5.87,9.74940920164032,5.081253,11.7395983528634,52.118573494126,92.2397095973067,56.5034015411166
3500,3500,32.6,0.0956,11.2,11.1044,36.72,6.47,11.9485240591532,6.7958928,11.7395983528634,56.8764206052211,89.3678663961241,63.6430328918402
3500,3500,38.3,0.0954,14.1,14.0046,35.44,6.97,14.0376831737904,8.2720504,11.7395983528634,58.927461872374,86.2526466524683,68.3195984811994
3500,3500,44,0.0951,17.12,17.0249,34.27,7.51,16.1268422884276,9.72405538333334,11.7395983528634,60.2973304346827,83.405141105533,72.2945008370505
3500,3500,49.8,0.0948,20.13,20.0352,32.96,8.09,18.2526533173567,11.0060032,11.7395983528634,60.2981002741899,80.2169083991353,75.1688159984484
3500,3500,55.4,0.0943,23.02,22.9257,31.32,8.83,20.305160517702,11.9672154,11.7395983528634,58.9368175128041,76.2255331025764,77.3189968163202
3500,3500,61.6,0.0937,26.16,26.0663,29.98,9.5,22.5775792037986,13.0244612333333,11.7395983528634,57.6875896027949,72.9642874334368,79.0627739021252
3500,3500,67.4,0.0932,29.07,28.9768,28.52,10.18,24.7033902327277,13.7736389333333,11.7395983528634,55.7560675015595,69.4109899133295,80.3274345621345
3500,3500,73.6,0.0927,32.14,32.0473,26.85,11,26.9758089188244,14.34116675,11.7395983528634,53.163064704215,65.3466016540286,81.3555156022984
3500,3500,83.1,0.0915,35.08,34.9885,25.07,12.33,30.457740776553,14.6193615833333,11.7395983528634,47.9988377686489,61.0144991980074,78.6679205755351
3500,3500,88.8,0.0907,38.06,37.9693,23.16,13.39,32.5468998911903,14.6561498,11.7395983528634,45.0308626904497,56.3660072367711,79.890105576031
3500,3499,30.7,0.0948,5.01,4.9152,78.97,4.59,11.2489227911253,6.4692224,23.2227402706553,57.5097057747061,97.1862288981489,59.1747477258082
3500,3500,42.2,0.0939,8.09,7.9961,77.74,5.17,15.4671078311737,10.3602802333333,23.2227402706553,66.9826598897328,95.6451663867392,70.0324568613219
3500,3500,53,0.0934,11.1,11.0066,76.55,5.64,19.4255145746969,14.0425871666667,23.2227402706553,72.2893960552177,94.1810842153961,76.7557484153493
3500,3500,64.4,0.0928,14.14,14.0472,75.27,6.34,23.6038328039713,17.6222124,23.2227402706553,74.6582665042225,92.6062731403378,80.6190163716917
3500,3500,75.5,0.0923,17.14,17.0477,73.76,6.93,27.6721952903701,20.9573058666667,23.2227402706553,75.7341643724226,90.7484882002301,83.4550149257809
3500,3500,86.6,0.0916,20.12,20.0284,72.32,7.58,31.7405577767689,24.1408981333333,23.2227402706553,76.0569436212057,88.9768257407896,85.4794975972479
3500,3500,97.7,0.091,23.12,23.029,70.82,8.3,35.8089202631677,27.1818963333333,23.2227402706553,75.9081707394906,87.1313440122057,87.1192469254887
3500,3500,108.4,0.0903,26.05,25.9597,69.36,9.03,39.7306750923989,30.0094132,23.2227402706553,75.5320998956327,85.3350751297175,88.512372879284
3500,3500,120.2,0.0896,29.13,29.0404,68.07,9.79,44.0556009788409,32.9463338,23.2227402706553,74.7835305114179,83.7479608431353,89.2959419650727
3500,3500,131,0.0889,32.1,32.0111,66.31,10.53,48.014007722364,35.3776006833333,23.2227402706553,73.6818323683801,81.5825956149303,90.3156265291659
3500,3500,142.4,0.0881,35.08,34.9919,64.9,11.35,52.1923259516384,37.8495718333333,23.2227402706553,72.5194195568231,79.8478427900615,90.8220147505969
3500,3500,154.2,0.0874,38.14,38.0526,63.28,12.24,56.5172518380804,40.1328088,23.2227402706553,71.0098376951853,77.8547225231909,91.2081314964976
3500,3499,39.9,0.0847,4.94,4.8553,117.32,4.79,14.6199354842312,9.49372993333333,34.1496665532453,64.9368798075278,98.18420870285,66.1378043021728
3500,3500,57.1,0.0845,8.18,8.0955,115.95,5.38,20.928243060664,15.64455375,34.1496665532453,74.7533068335056,97.0099411568726,77.0573674636331
3500,3500,73.5,0.0842,11.15,11.0658,114.64,5.84,26.9391570045325,21.1430552,34.1496665532453,78.4844722366135,95.9139254353072,81.8280264105657
3500,3500,89.8,0.0839,14.12,14.0361,113.71,6.35,32.9134190341091,26.60074885,34.1496665532453,80.8203754901091,95.1358379383181,84.9526080198185
3500,3500,106.4,0.0836,17.11,17.0264,112.21,6.9,38.9976368065613,31.8422057333333,34.1496665532453,81.651629023777,93.8808581044646,86.97367138775
3500,3500,122.6,0.0831,20.13,20.0469,110.58,7.75,44.935246921846,36.9464367,34.1496665532453,82.2215059021694,92.5171133516772,88.8716724111657
3500,3500,139.4,0.0826,23.14,23.0574,108.73,8.6,51.092768522882,41.7838517,34.1496665532453,81.7803632646898,90.9693048899246,89.898854744077
3500,3500,154.4,0.082,25.95,25.868,107.21,9.31,56.5905556666641,46.2218046666667,34.1496665532453,81.6775946483498,89.6975919916197,91.0588487771006
3500,3500,171.7,0.0804,29.12,29.0396,105.51,10.17,62.9313368391595,51.0661366,34.1496665532453,81.1457997952837,88.2752815132525,91.9235808759233
3500,3501,187.8,0.0787,32.15,32.0713,103.85,10.82,68.8519614101638,55.5100750833333,34.1496665532453,80.6223583851876,86.8616195581999,92.8170103150887
3500,3500,204.4,0.0801,35.08,34.9999,103.08,11.25,74.9165128126046,60.1298282,34.1496665532453,80.2624494154021,86.2422141824099,93.0663134942708
3500,3500,220.8,0.0816,38.08,37.9984,101.59,11.79,80.9274267564731,64.3376242666667,34.1496665532453,79.5003954101637,84.9956008807821,93.5347177810694
3500,3498,52.1,0.0783,4.99,4.9117,157.98,4.39,19.0847355475865,12.9325061,45.8006347969257,67.7636117501009,98.6076949752701,68.7204094640843
3500,3500,74.3,0.0775,8.12,8.0425,156.63,4.98,27.2323723188675,20.99494625,45.8006347969257,77.0955464480558,97.7091884639828,78.903067009378
3500,3500,95.2,0.0771,11,10.9229,155.24,5.43,34.8926224058706,28.2611832666667,45.8006347969257,80.9947241509476,96.8420763400925,83.6358814390847
3500,3500,118.4,0.0768,14.14,14.0632,153.92,5.89,43.395866521587,36.0767957333333,45.8006347969257,83.1341752684836,96.0186317332326,86.5812954921647
3500,3500,140.7,0.0764,17.16,17.0836,152.62,6.45,51.5692434086764,43.4549838666667,45.8006347969257,84.2653120238631,95.2076635598101,88.5068584536024
3500,3500,161.6,0.076,20.14,20.064,151.06,7.01,59.2294934956796,50.514464,45.8006347969257,85.2859969226053,94.234501751703,90.5040036687667
3500,3500,182.6,0.0754,23.15,23.0746,149.35,7.77,66.9263954969745,57.4365251666667,45.8006347969257,85.8204371237401,93.1677666928164,92.1138717499785
3500,3500,205.1,0.0733,26.14,26.0667,147.32,8.63,75.1730762126478,64.0024374,45.8006347969257,85.1401068368567,91.9014086989334,92.6428746220566
3500,3500,227,0.0735,29.16,29.0865,146.3,9.24,83.1998454425697,70.9225825,45.8006347969257,85.2436469355652,91.2651105936326,93.4022282788012
3500,3501,248.9,0.0759,32.11,32.0341,144.55,10.04,91.2526794195409,77.1754859166667,45.8006347969257,84.5733916062308,90.1476661918167,93.8165070477532
3500,3501,271.1,0.0747,35.13,35.0553,142.6,10.91,99.3917291709021,83.314763,45.8006347969257,83.8246438561723,88.9315613901976,94.2574745633689
3500,3500,293.2,0.0726,38.13,38.0574,140.68,11.83,107.463412703795,89.2319172,45.8006347969257,83.0346952091993,87.7592327977597,94.6164780183892
3500,3499,62.9,0.0705,4.94,4.8695,197.33,4.32,23.0474672169961,16.0149739166667,57.1907279725182,69.4869148348615,98.6105880699628,70.4659775333268
3500,3500,90.4,0.0702,8.06,7.9898,195.73,4.84,33.1333305198604,26.0640592333333,57.1907279725182,78.6641693557198,97.7830832468677,80.4476262597699
3500,3500,117.8,0.0688,11.07,11.0012,194.23,5.33,43.1759550358357,35.6127179333333,57.1907279725182,82.4827566727245,97.0337110255919,85.0042277069774
3500,3500,145.1,0.0692,14.08,14.0108,192.9,5.63,53.1819276375192,45.044722,57.1907279725182,84.6993029418164,96.3692676560608,87.8903669208174
3500,3500,172.3,0.0707,17.14,17.0693,190.92,6.28,63.1512483249108,54.3145126,57.1907279725182,86.0070292206321,95.3800963239768,90.1729318122019
3500,3500,199.5,0.0693,20.11,20.0407,188.97,7.06,73.1205690123024,63.11818465,57.1907279725182,86.3206967650654,94.4059124363183,91.4356892883094
3500,3500,225.6,0.0661,23.12,23.0539,187.55,7.68,82.6867186424833,72.0626490833334,57.1907279725182,87.1514195585801,93.6965067335106,93.0145878399225
3500,3501,252.5,0.0681,26.05,25.9819,185.87,8.17,92.572525325167,80.4875958833333,57.1907279725182,86.9454469353789,92.8306867923126,93.6602431154037
3500,3500,279.8,0.0694,29.03,28.9606,183.64,9.16,102.552056188683,88.6387430666667,57.1907279725182,86.4329262239097,91.7431431433852,94.2118650642085
3500,3501,307.3,0.0666,32.1,32.0334,181.67,10.26,112.663512999698,96.9917963,57.1907279725182,86.089802916282,90.7330438992813,94.882524840505
3500,3501,336.6,0.0639,35.09,35.0261,180.09,11.18,123.405592176044,105.13083915,57.1907279725182,85.1913088347127,89.9439306204744,94.7160172421019
3500,3501,364.3,0.0666,38.01,37.9434,178.38,12.13,133.561073172112,112.8057282,57.1907279725182,84.4600342905555,89.0898902997402,94.8031634188709
4000,3998,66,0.0597,5,4.9403,225.02,5.06,27.6321923439144,18.5277717666667,57.0360444212197,67.0513998168052,98.679952549174,67.9483502825888
4000,4000,93.3,0.0592,8.09,8.0308,223.19,5.75,39.081412610657,29.8732375333333,57.0360444212197,76.4384794146035,97.8284882239153,78.1351943614286
4000,4000,120.9,0.0594,11.16,11.1006,221.7,6.29,50.6424735758675,41.016717,57.0360444212197,80.9927203467913,97.175392442502,83.3469444383403
4000,4000,148.1,0.0591,14.16,14.1009,219.75,6.94,62.0359829328864,51.64454625,57.0360444212197,83.2493398321287,96.3206697755517,86.4293614507851
4000,4000,174.6,0.0591,17.12,17.0609,217.72,7.71,73.1362769755704,61.9083191333333,57.0360444212197,84.6478952627196,95.4308815632906,88.700736990028
4000,4000,202.2,0.0556,20.18,20.1244,216.05,8.31,84.6973379407808,72.4646103333333,57.0360444212197,85.5571285888579,94.6988883049281,90.3464973246212
4000,4000,227.6,0.0572,23.01,22.9528,214.32,8.65,95.3368650609383,81.9874016,57.0360444212197,85.9975850344928,93.9405958875824,91.5446450195026
4000,4000,254.6,0.0596,26.07,26.0104,212.03,9.8,106.646598613861,91.9164185333333,57.0360444212197,86.1878575857237,92.9368446530613,92.7380931722698
4000,4000,281.5,0.0565,29.02,28.9635,209.14,10.77,117.914444264737,100.9571065,57.0360444212197,85.6189478138361,91.6701018287094,93.3989884442584
4000,4000,310.1,0.0539,32.09,32.0361,207.81,11.45,129.894384250426,110.95703235,57.0360444212197,85.4209617993059,91.0871371379176,93.7793902447144
4000,4000,338,0.058,35.09,35.032,205.35,12.41,141.58110892178,119.89702,57.0360444212197,84.6843345931413,90.0088716196111,94.0844308670239
4000,4000,366.5,0.0585,38.13,38.0715,202.55,13.75,153.519161005421,128.52303875,57.0360444212197,83.717913717273,88.7815775337338,94.2964926315522
4500,4498,23.4,0.0931,5.02,4.9269,49.43,7.33,11.0220893295606,4.05894445,11.5578617899614,36.8255448548594,95.0809828858609,38.7307153724591
4500,4500,29.1,0.0931,8.07,7.9769,48.23,7.74,13.7130519329194,6.41209811666667,11.5578617899614,46.7590886990943,92.7314928362158,50.4241733514213
4500,4500,35,0.0931,11.12,11.0269,46.76,8.16,16.4933614313464,8.59363073333333,11.5578617899614,52.1035737263402,89.905133838305,57.9539471239193
4500,4500,41,0.093,14.12,14.027,45.46,8.52,19.3207948195772,10.6277903333333,11.5578617899614,55.007003762415,87.40563268369,62.9330193872956
4500,4500,46.7,0.0928,17.12,17.0272,43.63,8.9,22.0068565383965,12.3816122666667,11.5578617899614,56.2625209332547,83.8871041352705,67.0693326623002
4500,4500,52.8,0.0922,20.12,20.0278,42.25,9.67,24.8814138164312,14.1029091666667,11.5578617899614,56.6804976225001,81.2337875249869,69.7745351404003
4500,4500,58.5,0.0918,23.1,23.0082,40.51,10.39,27.5674755352504,15.5343697,11.5578617899614,56.3503527195889,77.8883013641945,72.3476462223804
4500,4500,64.5,0.0912,26.12,26.0288,38.81,11.13,30.3949089234812,16.8362954666667,11.5578617899614,55.3918273255952,74.6197229312365,74.2321535777342
4500,4500,70.4,0.0907,29.08,28.9893,36.99,11.86,33.1752184219082,17.87190345,11.5578617899614,53.8712457675871,71.1204213147755,75.7465222670091
4500,4500,78.4,0.0895,32.1,32.0105,34.33,13.21,36.945129606216,18.3153410833333,11.5578617899614,49.5744399290233,66.0060574137941,75.1058946275787
4500,4500,84.4,0.0886,35.02,34.9314,32.17,14.35,39.7725629944468,18.7290523,11.5578617899614,47.0903831433117,61.8530401107415,76.1326897740212
4500,4500,90.3,0.0871,38.09,38.0029,30.29,15.61,42.5528724928738,19.1851306833333,11.5578617899614,45.0853950847766,58.2383769025291,77.415267187535
4500,4497,33.1,0.0871,4.94,4.8529,100.52,6.76,15.5876088533899,8.13022513333333,22.9474029071739,52.1582573042638,97.4083196018921,53.5459984500653
4500,4500,44.7,0.0869,8.09,8.0031,99.17,7.27,21.0643787423196,13.22779045,22.9474029071739,62.7969645429162,96.0360432373295,65.3889544238395
4500,4500,55.8,0.0867,11.1,11.0133,97.78,7.58,26.2951305105466,17.9480079,22.9474029071739,68.2560137619447,94.6899698270251,72.0836788591563
4500,4500,66.7,0.0866,14.08,13.9934,96.44,8.13,31.4316344991659,22.4920582666667,22.9474029071739,71.5586657361505,93.3923163235662,76.6215771843895
4500,4500,77.7,0.0865,17.07,16.9835,94.45,8.63,36.615262377589,26.7348595833333,22.9474029071739,73.0156165689443,91.465204031116,79.8288456713055
4500,4500,89.2,0.086,20.12,20.034,92.86,9.28,42.0345097050314,31.005954,22.9474029071739,73.763091844244,89.9254509934296,82.0269356776798
4500,4500,100.1,0.0858,23.12,23.0342,91.19,9.9,47.1710136936507,35.0081449666667,22.9474029071739,74.2153755567453,88.3082261047905,84.0412935808245
4500,4500,110.6,0.0854,26,25.9146,89.28,10.57,52.1190221230547,38.5609248,22.9474029071739,73.9862783859537,86.4585856632931,85.5742409135491
4500,4500,122.4,0.0848,29.12,29.0352,87.27,11.43,57.6796411199086,42.2316984,22.9474029071739,73.2176857900445,84.5121054081047,86.6357374916646
4500,4500,133.9,0.0842,32.15,32.0658,84.99,12.23,63.098888447351,45.4212057,22.9474029071739,71.9841613975481,82.3041576559507,87.4611483158087
4500,4500,146,0.0817,35.12,35.0383,83.16,13.16,68.8008791136165,48.5630838,22.9474029071739,70.5849756945749,80.5319890654061,87.6483699381217
4500,4500,157.6,0.081,38.07,37.989,81.37,14.22,74.2672503308627,51.5194155,22.9474029071739,69.3703015400187,78.7985564003378,88.0349903716273
4500,4498,43.7,0.0764,4.97,4.8936,150.18,6.51,20.5839873376836,12.2486808,34.0047746077473,59.5058702624444,98.1867190894826,60.6048056338593
4500,4500,60.9,0.0763,8.13,8.0537,148.71,6.99,28.6984488905428,19.96109545,34.0047746077473,69.5546143491328,97.18243113759,71.571181678567
4500,4500,77,0.0761,11.13,11.0539,147.11,7.44,36.2853951489621,27.1023204833333,34.0047746077473,74.6920913278481,96.1368263375083,77.6935272084248
4500,4500,92.8,0.0762,14.13,14.0538,145.52,7.86,43.7309697379699,34.0851496,34.0047746077473,77.9428167365911,95.0977565674272,81.9607313042419
4500,4500,108.9,0.0761,17.12,17.0439,143.88,8.42,51.3179159963893,40.8712722,34.0047746077473,79.6432813111033,94.0260116473435,84.703455900922
4500,4500,125.2,0.0757,20.11,20.0343,142.03,9.05,58.9991100344163,47.42452715,34.0047746077473,80.3817669831554,92.817031097249,86.602389704682
4500,4500,141.6,0.0743,23.12,23.0457,140.05,9.8,66.7274279622472,53.79250475,34.0047746077473,80.6152827896117,91.523095157148,88.0819017879506
4500,4500,157.3,0.0735,26.05,25.9765,138.26,10.52,74.1258786614512,59.8585148333333,34.0047746077473,80.7525197869425,90.3533247870566,89.3741541634011
4500,4500,174.4,0.0764,29.07,28.9936,136.3,10.99,82.184063817909,65.8637946666667,34.0047746077473,80.1418080427341,89.0724589069566,89.9737236696796
4500,4500,191.1,0.0753,32.13,32.0547,134.24,12.01,90.0537534151514,71.7170488,34.0047746077473,79.6380451455272,87.7262427268515,90.780184663205
4500,4500,207.5,0.0743,35.11,35.0357,132.44,13,97.7820713429823,77.3354684666667,34.0047746077473,79.0896198091399,86.5499373267596,91.3803316928421
4500,4500,223.7,0.0716,38.11,38.0384,130.1,13.79,105.416141491206,82.4799306666667,34.0047746077473,78.2422212574985,85.0207403066401,92.0272170946831
4500,4497,56.1,0.0639,5,4.9361,202.38,6.25,26.4188778451715,16.6494653,45.5389451969745,63.0210919539226,98.8238426743971,63.7711408992294
4500,4500,78.3,0.0637,8.15,8.0863,200.57,6.83,36.8980057164121,27.0311531833333,45.5389451969745,73.2591170132264,97.8747112352358,74.8498933878361
4500,4500,99.2,0.0636,11.07,11.0064,198.82,7.33,46.7468986854161,36.4715408,45.5389451969745,78.0191666733567,97.0207413261684,80.4149356178063
4500,4500,120.5,0.064,14.01,13.946,197.27,7.76,56.7842872136355,45.8521236666667,45.5389451969745,80.7479074169945,96.2643679781372,83.8814081606326
4500,4500,143,0.0636,17.1,17.0364,195.8,8.27,67.3871624195011,55.595452,45.5389451969745,82.5015477783515,95.5470332545205,86.3465300472301
4500,4500,165.4,0.061,20.2,20.139,194.36,8.39,77.9429137355628,65.236934,45.5389451969745,83.6983516183776,94.8443380150593,88.2481267411957
4500,4500,186.2,0.0647,23.08,23.0153,192.48,8.89,87.7446828147629,73.8330824,45.5389451969745,84.1453636066682,93.9269303413182,89.5859827430695
4500,4501,207.9,0.0633,26.11,26.0467,190.21,9.88,97.9923381392871,82.5723801166667,45.5389451969745,84.264118689869,92.7985874652308,90.8032341779347
4500,4500,228.9,0.0606,28.98,28.9194,187.93,10.92,107.866583761006,90.5803807,45.5389451969745,83.9744595051738,91.7066085777428,91.5686020969643
4500,4500,252.1,0.0598,32.08,32.0202,186.2,11.14,118.799326195498,99.369354,45.5389451969745,83.6447117860553,90.8623983247789,92.0564648613778
4500,4500,275,0.0639,35.11,35.0461,184.2,12.1,129.590696960579,107.591527,45.5389451969745,83.0241132453582,89.8864327144161,92.3655670140335
4500,4500,298.1,0.063,38.14,38.077,181.28,13.4,140.476315505268,115.043309333333,45.5389451969745,81.8951642627753,88.4615229232864,92.5771584712537
4500,4497,67.6,0.0498,5.03,4.9802,252.5,6.35,31.8345123410622,20.9583416666667,56.8261651209611,65.8352841787786,98.8075534463888,66.6298090403581
4500,4500,95.1,0.0499,8.1,8.0501,250.25,7.05,44.8148192034584,33.5756254166667,56.8261651209611,74.9208097085787,97.8618053721141,76.5577636992251
4500,4500,121.8,0.0502,11.09,11.0398,248.42,7.6,57.3968977810855,45.7084519333333,56.8261651209611,79.6357533253235,97.1461725895728,81.9751835841973
4500,4500,148.9,0.0496,14.09,14.0404,246.48,8.19,70.167471917928,57.6779632,56.8261651209611,82.2004293776802,96.3875236288459,85.281192298502
4500,4500,176.7,0.0464,17.18,17.1336,244.97,8.39,83.2679132833975,69.9536332,56.8261651209611,84.0103113451599,95.797028819208,87.6961554869385
4500,4501,202.6,0.0511,20.06,20.0089,242.54,8.86,95.494216964981,80.8826434333333,56.8261651209611,84.6989964460298,94.8256899619257,89.3207278323396
4500,4501,229.4,0.0511,23.11,23.0589,240.21,9.75,108.126225921849,92.31630615,56.8261651209611,85.3782746627296,93.9147315319294,90.9104176416694
4500,4501,257,0.0471,26.12,26.0729,237.95,10.66,121.135309772952,103.400775916667,56.8261651209611,85.3597321131832,93.0311409517614,91.7539344781808
4500,4500,283.4,0.0476,28.94,28.8924,236.67,11,133.549103704102,113.9660718,56.8261651209611,85.3364557597547,92.551262647026,92.2045289486895
4500,4500,312.5,0.051,32.1,32.049,232.86,12.62,147.262155637022,124.382169,56.8261651209611,84.4630913230571,91.0613386571449,92.7540628861928
4500,4500,340.1,0.0453,35.13,35.0847,230.23,13.92,160.268349222883,134.62584135,56.8261651209611,84.0002670538382,90.032860942345,93.2995643753119
4500,4501,367.7,0.0458,38.03,37.9842,227.57,14.8,173.313048262703,144.0677399,56.8261651209611,83.1257319308276,88.9728797915207,93.4281683650187
